gRNA_ID	SequenceID	Distance to start codon (bp)	Distance to start codon relative to the sequence length (%)	GC content (%)	If it targets coding strand	gRNA sequence (20nt)	gRNA sequence with desired length	PAM	Activity score
purA_4404687_4405985_32	purA	32	2.39	45.00	Yes	TTTACCTTCGTCACCCCATT	ACCTTTACCTTCGTCACCCCATT	GGG	-6.3754
purB_1190616_1191986_26	purB	26	1.82	60.00	Yes	GCGTCCATCGACAGGGGAAA	GTAGCGTCCATCGACAGGGGAAA	CGG	-6.2792
purA_4404687_4405985_587	purA	587	45.11	45.00	Yes	CACCATAGAAGTCAGGATGT	AACCACCATAGAAGTCAGGATGT	CGG	-6.1555
purB_1190616_1191986_14	purB	14	0.95	65.00	Yes	AGGGGAAACGGCGGTCAGTG	GACAGGGGAAACGGCGGTCAGTG	AGG	-6.1183
purB_1190616_1191986_-11	purB	-11	-0.88	35.00	Yes	AATTCCATAGATCACAACTC	GATAATTCCATAGATCACAACTC	CGG	-6.0881
purB_1190616_1191986_-12	purB	-12	-0.95	40.00	Yes	ATTCCATAGATCACAACTCC	ATAATTCCATAGATCACAACTCC	GGG	-6.0497
purB_1190616_1191986_185	purB	185	13.42	45.00	Yes	ATCAAGGTAACCGATTGCGT	TGCATCAAGGTAACCGATTGCGT	CGG	-6.0271
purB_1190616_1191986_23	purB	23	1.6	60.00	Yes	TCCATCGACAGGGGAAACGG	GCGTCCATCGACAGGGGAAACGG	CGG	-6.0267
purB_1190616_1191986_-13	purB	-13	-1.02	45.00	Yes	TTCCATAGATCACAACTCCG	TAATTCCATAGATCACAACTCCG	GGG	-5.9936
purA_4404687_4405985_33	purA	33	2.46	50.00	Yes	CTTTACCTTCGTCACCCCAT	TACCTTTACCTTCGTCACCCCAT	TGG	-5.992
purB_1190616_1191986_32	purB	32	2.26	65.00	Yes	GCCGTAGCGTCCATCGACAG	ATCGCCGTAGCGTCCATCGACAG	GGG	-5.9519
purB_1190616_1191986_34	purB	34	2.41	65.00	Yes	TCGCCGTAGCGTCCATCGAC	TTATCGCCGTAGCGTCCATCGAC	AGG	-5.9367
purB_1190616_1191986_1016	purB	1016	74.03	55.00	Yes	GTTACGCAGCACGGTAGAGT	GAGGTTACGCAGCACGGTAGAGT	CGG	-5.9175
purB_1190616_1191986_33	purB	33	2.33	65.00	Yes	CGCCGTAGCGTCCATCGACA	TATCGCCGTAGCGTCCATCGACA	GGG	-5.8515
purB_1190616_1191986_666	purB	666	48.5	50.00	Yes	ACTGATGCCAGTCAACTTCC	TGAACTGATGCCAGTCAACTTCC	GGG	-5.7951
purA_4404687_4405985_845	purA	845	64.97	40.00	Yes	GCCAGTTTCATCAAACAGTT	CTCGCCAGTTTCATCAAACAGTT	CGG	-5.762
purB_1190616_1191986_324	purB	324	23.56	60.00	Yes	CAGAAACCGCGTGCAGTTCC	ATTCAGAAACCGCGTGCAGTTCC	GGG	-5.7515
purA_4404687_4405985_1054	purA	1054	81.06	55.00	Yes	GTAGTCACTTCGCGACCATC	GTGGTAGTCACTTCGCGACCATC	CGG	-5.7417
purB_1190616_1191986_729	purB	729	53.1	55.00	Yes	GTTCGATCTGGGTGGTGTAC	GCGGTTCGATCTGGGTGGTGTAC	GGG	-5.7361
purB_1190616_1191986_767	purB	767	55.87	45.00	Yes	CGCAACGCAATCAAACAGTT	GCGCGCAACGCAATCAAACAGTT	CGG	-5.7133
purB_1190616_1191986_988	purB	988	71.99	65.00	Yes	TCACGCTGCCAGCGGGAAAC	AGGTCACGCTGCCAGCGGGAAAC	CGG	-5.7073
purA_4404687_4405985_1132	purA	1132	87.07	55.00	Yes	AAGGTGGATTCAGACCAGCC	CCGAAGGTGGATTCAGACCAGCC	CGG	-5.6839
purA_4404687_4405985_1250	purA	1250	96.15	55.00	Yes	GGTTTCAGTACGATCCGGAC	CATGGTTTCAGTACGATCCGGAC	CGG	-5.6811
purB_1190616_1191986_740	purB	740	53.9	55.00	Yes	GTAGTCGTGCGGTTCGATCT	AATGTAGTCGTGCGGTTCGATCT	GGG	-5.6361
purB_1190616_1191986_912	purB	912	66.45	50.00	Yes	CGGAGTTTTCGAAGTCGATC	CTTCGGAGTTTTCGAAGTCGATC	GGG	-5.6058
purB_1190616_1191986_1250	purB	1250	91.1	40.00	Yes	GATAAACTGCTTCATGCCTT	ATCGATAAACTGCTTCATGCCTT	CGG	-5.5944
purA_4404687_4405985_840	purA	840	64.59	40.00	Yes	TTTCATCAAACAGTTCGGTC	CAGTTTCATCAAACAGTTCGGTC	GGG	-5.5871
purA_4404687_4405985_755	purA	755	58.04	80.00	Yes	ACGCGGGCCCAGGCCGGAAC	ATAACGCGGGCCCAGGCCGGAAC	CGG	-5.5666
purA_4404687_4405985_1231	purA	1231	94.69	45.00	Yes	CCGGTAGAGATGATATCGAT	GGACCGGTAGAGATGATATCGAT	CGG	-5.5595
purB_1190616_1191986_582	purB	582	42.38	60.00	Yes	CCTGGTTAAGCTGGCGGTAC	CCACCTGGTTAAGCTGGCGGTAC	TGG	-5.5488
purB_1190616_1191986_1324	purB	1324	96.5	45.00	Yes	GCTCGACCAATATAGTTAGC	ATAGCTCGACCAATATAGTTAGC	CGG	-5.5476
purA_4404687_4405985_1114	purA	1114	85.68	50.00	Yes	CCCGGCATGGTTTCGTAAAT	CAGCCCGGCATGGTTTCGTAAAT	CGG	-5.5425
purB_1190616_1191986_932	purB	932	67.91	55.00	Yes	GGAAAGGCCCAGATTCCCTT	GTTGGAAAGGCCCAGATTCCCTT	CGG	-5.5251
purB_1190616_1191986_659	purB	659	47.99	55.00	Yes	CCAGTCAACTTCCGGGTAAG	ATGCCAGTCAACTTCCGGGTAAG	CGG	-5.5247
purB_1190616_1191986_218	purB	218	15.83	50.00	Yes	CGCATCTTCTTCGCTGAAAC	CGCCGCATCTTCTTCGCTGAAAC	TGG	-5.5076
purA_4404687_4405985_1255	purA	1255	96.54	40.00	Yes	ATCATGGTTTCAGTACGATC	AGAATCATGGTTTCAGTACGATC	CGG	-5.4972
purA_4404687_4405985_392	purA	392	30.1	65.00	Yes	AGCAGGCCCGATACCACGAC	ATAAGCAGGCCCGATACCACGAC	CGG	-5.4938
purA_4404687_4405985_926	purA	926	71.21	70.00	Yes	GGCAACGGTGTCCAGCCAGC	AACGGCAACGGTGTCCAGCCAGC	CGG	-5.4404
purB_1190616_1191986_146	purB	146	10.58	60.00	Yes	TTCCTTGATCGCTGCGTGCG	AACTTCCTTGATCGCTGCGTGCG	CGG	-5.438
purB_1190616_1191986_523	purB	523	38.07	70.00	Yes	CCGATGGTTGACGGCGTGGC	TTACCGATGGTTGACGGCGTGGC	TGG	-5.4328
purB_1190616_1191986_1308	purB	1308	95.33	60.00	Yes	TAGCCGGCGTCATCGCTTTC	AGTTAGCCGGCGTCATCGCTTTC	AGG	-5.397
purA_4404687_4405985_771	purA	771	59.28	40.00	Yes	GAACGTAATCAACATAACGC	CCAGAACGTAATCAACATAACGC	GGG	-5.3832
purB_1190616_1191986_1304	purB	1304	95.04	65.00	Yes	CGGCGTCATCGCTTTCAGGC	AGCCGGCGTCATCGCTTTCAGGC	GGG	-5.3476
purA_4404687_4405985_186	purA	186	14.24	45.00	Yes	TGATGCTGGTTACATTCTCG	CGATGATGCTGGTTACATTCTCG	CGG	-5.3443
purB_1190616_1191986_898	purB	898	65.43	40.00	Yes	TCGATCGGGTTAACTTTATG	AAGTCGATCGGGTTAACTTTATG	CGG	-5.3229
purA_4404687_4405985_236	purA	236	18.09	40.00	Yes	TTTCATCTCTTTCATCAGCG	TTCTTTCATCTCTTTCATCAGCG	CGG	-5.3161
purA_4404687_4405985_105	purA	105	8.01	75.00	Yes	GGCCTGCGTTGTGACCGCCC	TATGGCCTGCGTTGTGACCGCCC	TGG	-5.3025
purB_1190616_1191986_591	purB	591	43.03	55.00	Yes	GGATCTCCACCTGGTTAAGC	CGAGGATCTCCACCTGGTTAAGC	TGG	-5.2799
purA_4404687_4405985_555	purA	555	42.65	40.00	Yes	TCGTATCATCCAGAACTTTC	CCATCGTATCATCCAGAACTTTC	TGG	-5.2626
purB_1190616_1191986_325	purB	325	23.63	55.00	Yes	TCAGAAACCGCGTGCAGTTC	AATTCAGAAACCGCGTGCAGTTC	CGG	-5.2615
purA_4404687_4405985_316	purA	316	24.25	40.00	Yes	ACGTGATAATCAAGGATCAG	GCAACGTGATAATCAAGGATCAG	CGG	-5.211
purA_4404687_4405985_633	purA	633	48.65	70.00	Yes	AATCGCCACGCTGACGCGCC	CGAAATCGCCACGCTGACGCGCC	TGG	-5.1994
purA_4404687_4405985_232	purA	232	17.78	55.00	Yes	ATCTCTTTCATCAGCGCGGC	TTCATCTCTTTCATCAGCGCGGC	CGG	-5.1988
purB_1190616_1191986_476	purB	476	34.65	50.00	Yes	CGGGATATCGCGATACTGAA	CAGCGGGATATCGCGATACTGAA	CGG	-5.1968
purA_4404687_4405985_761	purA	761	58.51	65.00	Yes	AACATAACGCGGGCCCAGGC	ATCAACATAACGCGGGCCCAGGC	CGG	-5.1951
purA_4404687_4405985_270	purA	270	20.71	65.00	Yes	GCTCACGAACGGGGATGCCA	GACGCTCACGAACGGGGATGCCA	CGG	-5.195
purB_1190616_1191986_1170	purB	1170	85.27	50.00	Yes	CATAGCGACGCATAACTGTC	TGCCATAGCGACGCATAACTGTC	TGG	-5.1918
purB_1190616_1191986_667	purB	667	48.58	45.00	Yes	AACTGATGCCAGTCAACTTC	CTGAACTGATGCCAGTCAACTTC	CGG	-5.1788
purB_1190616_1191986_392	purB	392	28.52	40.00	Yes	GGTTTTCAGCATTAATGCGT	CGCGGTTTTCAGCATTAATGCGT	GGG	-5.1679
purB_1190616_1191986_600	purB	600	43.69	55.00	Yes	TTTTGCCGAGGATCTCCACC	TGATTTTGCCGAGGATCTCCACC	TGG	-5.1596
purB_1190616_1191986_512	purB	512	37.27	75.00	Yes	CGGCGTGGCTGGCTGACCGT	TGACGGCGTGGCTGGCTGACCGT	GGG	-5.1388
purB_1190616_1191986_995	purB	995	72.5	70.00	Yes	GGTCAGGTCACGCTGCCAGC	GTCGGTCAGGTCACGCTGCCAGC	GGG	-5.1356
purA_4404687_4405985_155	purA	155	11.86	35.00	Yes	TGATGGAATAAGATGGAGAA	ACCTGATGGAATAAGATGGAGAA	CGG	-5.1336
purA_4404687_4405985_1017	purA	1017	78.21	45.00	Yes	CGCAGAGTTTAACCTCTTTC	CCACGCAGAGTTTAACCTCTTTC	AGG	-5.0973
purB_1190616_1191986_650	purB	650	47.34	60.00	Yes	TTCCGGGTAAGCGGCGATGT	AACTTCCGGGTAAGCGGCGATGT	GGG	-5.0768
purA_4404687_4405985_765	purA	765	58.81	55.00	Yes	AATCAACATAACGCGGGCCC	CGTAATCAACATAACGCGGGCCC	AGG	-5.0627
purA_4404687_4405985_516	purA	516	39.65	35.00	Yes	CTTTGTAGTAGTTAACCAAC	CAGCTTTGTAGTAGTTAACCAAC	TGG	-5.0469
purA_4404687_4405985_947	purA	947	72.83	60.00	Yes	CAGCTGTACCGCACGACGAA	GTTCAGCTGTACCGCACGACGAA	CGG	-5.0437
purA_4404687_4405985_1180	purA	1180	90.76	55.00	Yes	ATATAGTTCAGCGCCGCCTG	TTGATATAGTTCAGCGCCGCCTG	CGG	-5.0381
purB_1190616_1191986_1288	purB	1288	93.87	55.00	Yes	AGGCGGGCTTTCTCTTCTTC	TTCAGGCGGGCTTTCTCTTCTTC	TGG	-5.0291
purB_1190616_1191986_1011	purB	1011	73.67	65.00	Yes	GCAGCACGGTAGAGTCGGTC	TACGCAGCACGGTAGAGTCGGTC	AGG	-5.0273
purB_1190616_1191986_953	purB	953	69.44	55.00	Yes	CAGATGCTGCAATACCGCGT	TGCCAGATGCTGCAATACCGCGT	TGG	-5.003
purB_1190616_1191986_570	purB	570	41.5	65.00	Yes	GGCGGTACTGGCGCTCCATA	GCTGGCGGTACTGGCGCTCCATA	CGG	-4.9735
purB_1190616_1191986_266	purB	266	19.33	50.00	Yes	CGCTTTAACGTCGTGGTTAG	AACCGCTTTAACGTCGTGGTTAG	TGG	-4.9639
purB_1190616_1191986_495	purB	495	36.03	65.00	Yes	CGTGGGTACGAGACAGCAGC	GACCGTGGGTACGAGACAGCAGC	GGG	-4.9583
purB_1190616_1191986_527	purB	527	38.37	55.00	Yes	TTTACCGATGGTTGACGGCG	CTCTTTACCGATGGTTGACGGCG	TGG	-4.9378
purB_1190616_1191986_413	purB	413	30.05	55.00	Yes	CAGGATCACTTCATCACGCG	TGGCAGGATCACTTCATCACGCG	CGG	-4.895
purA_4404687_4405985_126	purA	126	9.62	45.00	Yes	CACCGTTGATTACGAGAGTA	TTTCACCGTTGATTACGAGAGTA	TGG	-4.8863
purA_4404687_4405985_200	purA	200	15.32	50.00	Yes	AACACCGTTACCGATGATGC	CACAACACCGTTACCGATGATGC	TGG	-4.8828
purB_1190616_1191986_273	purB	273	19.84	50.00	Yes	ACTCAACCGCTTTAACGTCG	AATACTCAACCGCTTTAACGTCG	TGG	-4.8664
purB_1190616_1191986_1113	purB	1113	81.11	50.00	Yes	GTTCATCCAGCAGATGGTCA	CCAGTTCATCCAGCAGATGGTCA	CGG	-4.863
purB_1190616_1191986_354	purB	354	25.75	50.00	Yes	CTTCCGAAGTACAGGCAAAG	TATCTTCCGAAGTACAGGCAAAG	TGG	-4.8526
purA_4404687_4405985_1047	purA	1047	80.52	60.00	Yes	CTTCGCGACCATCCGGCATA	TCACTTCGCGACCATCCGGCATA	CGG	-4.8471
purA_4404687_4405985_1176	purA	1176	90.45	75.00	Yes	AGTTCAGCGCCGCCTGCGGC	TATAGTTCAGCGCCGCCTGCGGC	AGG	-4.84
purA_4404687_4405985_699	purA	699	53.73	45.00	Yes	TTACGTACGGATAAGTACCG	AAGTTACGTACGGATAAGTACCG	TGG	-4.824
purB_1190616_1191986_108	purB	108	7.8	35.00	Yes	AACGTACTTCAACTTGTACA	GCCAACGTACTTCAACTTGTACA	CGG	-4.8134
purB_1190616_1191986_362	purB	362	26.33	35.00	Yes	ATTGATATCTTCCGAAGTAC	GTTATTGATATCTTCCGAAGTAC	AGG	-4.8079
purB_1190616_1191986_172	purB	172	12.47	55.00	Yes	ATTGCGTCGGCAGCAAAAGC	CCGATTGCGTCGGCAGCAAAAGC	AGG	-4.8056
purB_1190616_1191986_819	purB	819	59.66	50.00	Yes	CGATATAACCCCAGACGTCA	GGGCGATATAACCCCAGACGTCA	CGG	-4.8047
purA_4404687_4405985_941	purA	941	72.36	60.00	Yes	TACCGCACGACGAACGGCAA	CTGTACCGCACGACGAACGGCAA	CGG	-4.7947
purB_1190616_1191986_566	purB	566	41.21	60.00	Yes	GTACTGGCGCTCCATACGGT	GCGGTACTGGCGCTCCATACGGT	AGG	-4.7845
purA_4404687_4405985_1081	purA	1081	83.14	60.00	Yes	TTCCAGTCGTCAGCTGCCAG	CCTTTCCAGTCGTCAGCTGCCAG	CGG	-4.7842
purA_4404687_4405985_728	purA	728	55.97	65.00	Yes	CACGCCACCAGCAGTGGTGT	CGCCACGCCACCAGCAGTGGTGT	TGG	-4.7532
purB_1190616_1191986_751	purB	751	54.7	50.00	Yes	AGTTCGGCAATGTAGTCGTG	AACAGTTCGGCAATGTAGTCGTG	CGG	-4.7505
purB_1190616_1191986_849	purB	849	61.85	35.00	Yes	CAATGGTTTTCTGTTTGAAG	CAGCAATGGTTTTCTGTTTGAAG	TGG	-4.7436
purB_1190616_1191986_842	purB	842	61.34	30.00	Yes	TTTCTGTTTGAAGTGGTTAA	GGTTTTCTGTTTGAAGTGGTTAA	GGG	-4.7307
purB_1190616_1191986_300	purB	300	21.81	45.00	Yes	TCTCCGCCACTTTTTCTTTC	GGATCTCCGCCACTTTTTCTTTC	AGG	-4.7127
purA_4404687_4405985_1076	purA	1076	82.76	70.00	Yes	GTCGTCAGCTGCCAGCGGAG	CCAGTCGTCAGCTGCCAGCGGAG	TGG	-4.7122
purA_4404687_4405985_990	purA	990	76.14	50.00	Yes	CCAGAACGTCCAGTTTAGTC	CATCCAGAACGTCCAGTTTAGTC	AGG	-4.7103
purB_1190616_1191986_1082	purB	1082	78.85	50.00	Yes	CAGTTTGCTCACGCCTTTCA	TTCCAGTTTGCTCACGCCTTTCA	GGG	-4.7044
purB_1190616_1191986_913	purB	913	66.52	45.00	Yes	TCGGAGTTTTCGAAGTCGAT	CCTTCGGAGTTTTCGAAGTCGAT	CGG	-4.698
purA_4404687_4405985_815	purA	815	62.66	65.00	Yes	CGGACCTGCACCTACACGAG	GAACGGACCTGCACCTACACGAG	TGG	-4.6882
purA_4404687_4405985_712	purA	712	54.73	40.00	Yes	GTGTTGGAAGAAGTTACGTA	GTGGTGTTGGAAGAAGTTACGTA	CGG	-4.6844
purA_4404687_4405985_835	purA	835	64.2	50.00	Yes	TCAAACAGTTCGGTCGGGAA	TCATCAAACAGTTCGGTCGGGAA	CGG	-4.6837
purB_1190616_1191986_532	purB	532	38.73	40.00	Yes	ATCTCTTTACCGATGGTTGA	GCCATCTCTTTACCGATGGTTGA	CGG	-4.6507
purA_4404687_4405985_624	purA	624	47.96	75.00	Yes	GCTGACGCGCCTGGTCGAGC	CACGCTGACGCGCCTGGTCGAGC	AGG	-4.644
purB_1190616_1191986_588	purB	588	42.82	55.00	Yes	TCTCCACCTGGTTAAGCTGG	GGATCTCCACCTGGTTAAGCTGG	CGG	-4.6161
purA_4404687_4405985_162	purA	162	12.39	35.00	Yes	GAATACCTGATGGAATAAGA	GGAGAATACCTGATGGAATAAGA	TGG	-4.6097
purA_4404687_4405985_389	purA	389	29.87	70.00	Yes	AGGCCCGATACCACGACCGG	AGCAGGCCCGATACCACGACCGG	TGG	-4.5992
purA_4404687_4405985_409	purA	409	31.41	35.00	Yes	GCTACTTTATCTTCATAAGC	CGTGCTACTTTATCTTCATAAGC	AGG	-4.5965
purB_1190616_1191986_737	purB	737	53.68	65.00	Yes	GTCGTGCGGTTCGATCTGGG	GTAGTCGTGCGGTTCGATCTGGG	TGG	-4.5934
purB_1190616_1191986_1204	purB	1204	87.75	45.00	Yes	AGCTCTTTCAGCTTCTCGTA	GTCAGCTCTTTCAGCTTCTCGTA	CGG	-4.5907
purA_4404687_4405985_1271	purA	1271	97.77	60.00	Yes	GAACGGGTCGCGCAGAATCA	GTCGAACGGGTCGCGCAGAATCA	TGG	-4.5742
purB_1190616_1191986_1165	purB	1165	84.9	50.00	Yes	CGACGCATAACTGTCTGGAT	TAGCGACGCATAACTGTCTGGAT	TGG	-4.5682
purB_1190616_1191986_1038	purB	1038	75.64	60.00	Yes	CATAACCGATACCCACGCCG	AGGCATAACCGATACCCACGCCG	AGG	-4.5652
purA_4404687_4405985_841	purA	841	64.67	40.00	Yes	GTTTCATCAAACAGTTCGGT	CCAGTTTCATCAAACAGTTCGGT	CGG	-4.5649
purA_4404687_4405985_734	purA	734	56.43	75.00	Yes	GGTCGCCACGCCACCAGCAG	ACCGGTCGCCACGCCACCAGCAG	TGG	-4.5626
purB_1190616_1191986_1025	purB	1025	74.69	65.00	Yes	CACGCCGAGGTTACGCAGCA	ACCCACGCCGAGGTTACGCAGCA	CGG	-4.5337
purB_1190616_1191986_539	purB	539	39.24	45.00	Yes	GTTTGCCATCTCTTTACCGA	GACGTTTGCCATCTCTTTACCGA	TGG	-4.5222
purA_4404687_4405985_974	purA	974	74.9	55.00	Yes	AGTCAGGCAGAAGCCAGACA	TTTAGTCAGGCAGAAGCCAGACA	GGG	-4.5126
purA_4404687_4405985_594	purA	594	45.65	50.00	Yes	CGTCAACCACCATAGAAGTC	AAACGTCAACCACCATAGAAGTC	AGG	-4.4668
purB_1190616_1191986_612	purB	612	44.57	65.00	Yes	CCGCGCCGTTGATTTTGCCG	CGACCGCGCCGTTGATTTTGCCG	AGG	-4.4614
purB_1190616_1191986_866	purB	866	63.09	45.00	Yes	AGAACCAATCTCACCAGCAA	GGAAGAACCAATCTCACCAGCAA	TGG	-4.4594
purB_1190616_1191986_496	purB	496	36.11	65.00	Yes	CCGTGGGTACGAGACAGCAG	TGACCGTGGGTACGAGACAGCAG	CGG	-4.4292
purA_4404687_4405985_280	purA	280	21.48	60.00	Yes	AGCAGCAGACGCTCACGAAC	GACAGCAGCAGACGCTCACGAAC	GGG	-4.3966
purA_4404687_4405985_1127	purA	1127	86.68	65.00	Yes	GGATTCAGACCAGCCCGGCA	GGTGGATTCAGACCAGCCCGGCA	TGG	-4.3884
purB_1190616_1191986_201	purB	201	14.59	50.00	Yes	AACTGGCGACGATTGCATCA	TGAAACTGGCGACGATTGCATCA	AGG	-4.3526
purB_1190616_1191986_893	purB	893	65.06	50.00	Yes	CGGGTTAACTTTATGCGGCA	GATCGGGTTAACTTTATGCGGCA	TGG	-4.2961
purB_1190616_1191986_436	purB	436	31.73	45.00	Yes	TCAATCAGTTGACGCCAGTA	CCATCAATCAGTTGACGCCAGTA	TGG	-4.2954
purB_1190616_1191986_1119	purB	1119	81.55	50.00	Yes	GATCCAGTTCATCCAGCAGA	TGTGATCCAGTTCATCCAGCAGA	TGG	-4.2822
purB_1190616_1191986_996	purB	996	72.57	70.00	Yes	CGGTCAGGTCACGCTGCCAG	AGTCGGTCAGGTCACGCTGCCAG	CGG	-4.2491
purA_4404687_4405985_1148	purA	1148	88.3	55.00	Yes	ACGATCTTTCACGCCGAAGG	GCTACGATCTTTCACGCCGAAGG	TGG	-4.2472
purA_4404687_4405985_172	purA	172	13.16	50.00	Yes	TTCTCGCGGAGAATACCTGA	ACATTCTCGCGGAGAATACCTGA	TGG	-4.2357
purA_4404687_4405985_324	purA	324	24.87	50.00	Yes	CCAGCGCAACGTGATAATCA	TATCCAGCGCAACGTGATAATCA	AGG	-4.2181
purB_1190616_1191986_707	purB	707	51.5	55.00	Yes	GTTCCACTGAATACCCAGCG	CGGGTTCCACTGAATACCCAGCG	AGG	-4.2071
purB_1190616_1191986_1305	purB	1305	95.11	65.00	Yes	CCGGCGTCATCGCTTTCAGG	TAGCCGGCGTCATCGCTTTCAGG	CGG	-4.1965
purA_4404687_4405985_281	purA	281	21.56	60.00	Yes	CAGCAGCAGACGCTCACGAA	AGACAGCAGCAGACGCTCACGAA	CGG	-4.1641
purB_1190616_1191986_1061	purB	1061	77.32	40.00	Yes	GGTGGATTGATATGCAATCA	CAGGGTGGATTGATATGCAATCA	AGG	-4.1573
purA_4404687_4405985_801	purA	801	61.59	50.00	Yes	CACGAGTGGAGTAAGCTTTG	CTACACGAGTGGAGTAAGCTTTG	AGG	-4.1418
purB_1190616_1191986_1079	purB	1079	78.63	55.00	Yes	TTTGCTCACGCCTTTCAGGG	CAGTTTGCTCACGCCTTTCAGGG	TGG	-4.1406
purA_4404687_4405985_456	purA	456	35.03	40.00	Yes	CGAAGGTTTCTTTGTCGAAA	CAGCGAAGGTTTCTTTGTCGAAA	AGG	-4.1143
purA_4404687_4405985_975	purA	975	74.98	55.00	Yes	TAGTCAGGCAGAAGCCAGAC	GTTTAGTCAGGCAGAAGCCAGAC	AGG	-4.0885
purB_1190616_1191986_432	purB	432	31.44	55.00	Yes	TCAGTTGACGCCAGTATGGC	CAATCAGTTGACGCCAGTATGGC	AGG	-4.0678
purB_1190616_1191986_890	purB	890	64.84	45.00	Yes	GTTAACTTTATGCGGCATGG	CGGGTTAACTTTATGCGGCATGG	TGG	-4.0378
purB_1190616_1191986_513	purB	513	37.35	75.00	Yes	ACGGCGTGGCTGGCTGACCG	TTGACGGCGTGGCTGGCTGACCG	TGG	-4.0283
purB_1190616_1191986_948	purB	948	69.07	55.00	Yes	GCTGCAATACCGCGTTGGAA	GATGCTGCAATACCGCGTTGGAA	AGG	-4.0263
purA_4404687_4405985_772	purA	772	59.35	35.00	Yes	AGAACGTAATCAACATAACG	CCCAGAACGTAATCAACATAACG	CGG	-4.0248
purB_1190616_1191986_387	purB	387	28.15	50.00	Yes	TCAGCATTAATGCGTGGGAG	TTTTCAGCATTAATGCGTGGGAG	AGG	-4.024
purA_4404687_4405985_873	purA	873	67.13	50.00	Yes	ATTCGTTACCCTGCTTGCAG	CGAATTCGTTACCCTGCTTGCAG	AGG	-4.0237
purB_1190616_1191986_1083	purB	1083	78.92	55.00	Yes	CCAGTTTGCTCACGCCTTTC	CTTCCAGTTTGCTCACGCCTTTC	AGG	-3.9682
purB_1190616_1191986_651	purB	651	47.41	65.00	Yes	CTTCCGGGTAAGCGGCGATG	CAACTTCCGGGTAAGCGGCGATG	TGG	-3.9119
purB_1190616_1191986_741	purB	741	53.98	55.00	Yes	TGTAGTCGTGCGGTTCGATC	CAATGTAGTCGTGCGGTTCGATC	TGG	-3.905
purA_4404687_4405985_473	purA	473	36.34	35.00	Yes	TTCTTTCAGTTTTTCAGCGA	CACTTCTTTCAGTTTTTCAGCGA	AGG	-3.8254
purB_1190616_1191986_393	purB	393	28.59	45.00	Yes	CGGTTTTCAGCATTAATGCG	GCGCGGTTTTCAGCATTAATGCG	TGG	-3.802
purA_4404687_4405985_1151	purA	1151	88.53	55.00	Yes	GCTACGATCTTTCACGCCGA	GCCGCTACGATCTTTCACGCCGA	AGG	-3.7937
purB_1190616_1191986_730	purB	730	53.17	55.00	Yes	GGTTCGATCTGGGTGGTGTA	TGCGGTTCGATCTGGGTGGTGTA	CGG	-3.7836
purA_4404687_4405985_279	purA	279	21.4	65.00	Yes	GCAGCAGACGCTCACGAACG	ACAGCAGCAGACGCTCACGAACG	GGG	-3.7352
purB_1190616_1191986_843	purB	843	61.42	30.00	Yes	TTTTCTGTTTGAAGTGGTTA	TGGTTTTCTGTTTGAAGTGGTTA	AGG	-3.4038
